user_id,eobt,eldt,departure_airport,arrival_airport,route,remarks,callsign,aircraft,registration,departure_stand,arrival_stand,departure_rwy,arrival_rwy
,2020-10-10 14:00,2020-10-10 14:56,EDDF,EDDH,MARUN Y150 TOLGI DCT DLE P605 NOLGO,,DLH4EF,A321,DAIDI,,,,
,2020-10-10 14:00,2020-10-10 15:57,EDDF,LEPA,ANEKI Y163 HERBI Y164 OLBEN UN869 NEMOS DCT GVA DCT BALSI DCT VATIR UN852 VERSO UL129 LUNIK,,RYR8ZK,B738,EIDYX,,,,
,2020-10-10 14:00,2020-10-10 15:49,EDDF,LIRN,ANEKI Y163 NATOR N850 ODINA LAGEN L50 ELB M729 PNZ,,DLH7LK,A320,DAIWH,,,,
,2020-10-10 14:05,2020-10-10 15:24,EDDF,LIRQ,ANEKI Y163 NATOR N850 TRA ELMUR Q341 RESIA ATPED IDREK KREVA TIPNI LOMED,,DLH3XC,E190,DAECE,,,,
,2020-10-10 14:00,2020-10-10 16:35,EDDF,LEMD,SOBRA Y180 DIK UN857 NOLSA UN10 GARVU UN857 BANEV,,RYR27PC,B738,EIEBX,,,,
,2020-10-10 14:00,2020-10-10 15:53,EDDF,ESSB,MARUN Y150 TOLGI DCT MAKEL N851 TRS,,JET2,FA7X,SEDJL,,,,
,2020-10-10 14:00,2020-10-10 15:42,EDDF,EGLL,SOBRA Y180 BITBU Y181 DEMUL M624 BUB L608 COA L179 SASKI L608 LOGAN,,DLH2NE,A321,DAIRY,,,,
,2020-10-10 14:05,2020-10-10 15:58,EDDF,LEBL,ANEKI Y163 HERBI Y164 OLBEN UN869 NEMOS DCT GVA DCT BALSI UN852 DIVKO UN975 BISBA,,DLH97M,A321,DAISK,,,,
,2020-10-10 14:10,2020-10-10 15:28,EDDF,EGLC,SOBRA Y180 BITBU Y181 DEMUL M624 BUB L608 SUMUM,,DLH9WL,E190,DAECH,,,,
,2020-10-10 14:10,2020-10-10 15:16,EDDF,LIPZ,ANEKI Y163 NATOR N850 ODINA/F290 M727 SRN L615 ADOSA L612 ALBET,,DLH3LL,A320,DAIQD,,,,
,2020-10-10 14:05,2020-10-10 16:03,EDDF,ENGM,MARUN Y150 TOLGI DCT ALASA DCT INVOL DCT SABAK L997 LUNIP,,DLH4PK,A320,DAIWG,,,,
,2020-10-10 14:10,2020-10-10 15:13,EDDF,LSGG,ANEKI Y163 HERBI Y164 OLBEN UN869 BENOT,,DLH1YL,A319,DAIBD,,,,
,2020-10-10 14:05,2020-10-10 16:11,EDDF,ESSA,MARUN Y150 TOLGI DCT OKAGA Z330 VIBAR Z227 NILUG,,DLH804,A20N,DAINL,,,,
,2020-10-10 14:10,2020-10-10 18:01,EDDF,LLBG,CINDY Z74 LAMPU DCT NOMBO Y161 MAH L173 OTT M867 VAROB DCT NEMEK DCT MEDUX UM867 KOGAT DCT ERANA UL737 TSL UN130 MES UL609 ALKIS L609 ZUKKO,,GEC8340,MD11,DALCI,,,,
,2020-10-10 14:15,2020-10-10 15:46,EDDF,LHBP,SULUS UZ650 VEMUT DCT ABUDO Z205 BUDEX DCT MAREG DCT ANEXA,,DLH5AX,E190,DAECF,,,,
,2020-10-10 14:05,2020-10-10 16:22,EDDF,EIDW,OBOKA Z29 TORNU DCT BREDA DCT RAVLO Y70 OTBED L60 PENIL UL28 LELDO M145 BAGSO,,DLH5LE,A21N,DAIEA,,,,
,2020-10-10 14:10,2020-10-10 16:02,EDDF,LFBD,SOBRA Y180 DIK UN857 LMG,,DLH57W,A320,DAIPP,,,,
,2020-10-10 14:00,2020-10-10 16:12,EDDF,LEBL,ANEKI Y163 HERBI Y164 OLBEN UN869 NEMOS DCT GVA DCT BALSI UN852 DIVKO UN975 BISBA,,RYR16AC,B738,EIDLR,,,,
,2020-10-10 14:25,2020-10-10 15:22,EDDF,LOWI,CINDY Z74 LAMPU Z54 NOMBO Y161 MANAL M736 TULSI,,AUA28F,DH8D,OELGN,,,,
,2020-10-10 14:15,2020-10-10 15:09,EDDF,EDDL,MARUN Y152 ARPEG Z850 ADEMI T854 DOMUX,,DLH082,E190,DAECB,,,,
,2020-10-10 14:05,2020-10-10 15:32,EDDF,LIMC,ANEKI Y163 NATOR N850 DEGAD Z424 AKASU/F190 Z424 RIXUV,,DLH274,A319,DAILI,,,,
,2020-10-10 14:25,2020-10-10 15:23,EDDF,LKPR,SULUS Z650 TONSU Z35 LOMKI,,DLH9LC,A320,DAIQF,,,,
,2020-10-10 14:15,2020-10-10 16:22,EDDF,LEPA,ANEKI Y163 HERBI Y164 OLBEN UN869 NEMOS DCT GVA DCT BALSI DCT VATIR UN852 VERSO UL129 LUNIK,,DLH64A,A321,DAIRL,,,,
,2020-10-10 14:20,2020-10-10 15:31,EDDF,LFPG,SOBRA Y180 DIK UN857 RAPOR UZ157 VEDUS,,DLH89H,A20N,DAING,,,,
,2020-10-10 14:15,2020-10-10 16:36,EDDF,LEVC,ANEKI Y163 HERBI Y164 OLBEN UN869 NEMOS NINTU UN869 EXEMU UM176 MANDY,,DLH88V,B738,DASXW,,,,
,2020-10-10 14:25,2020-10-10 16:00,EDDF,LIRF,ANEKI Y163 NATOR N850 TRA UP131 RESIA T415 LISKO M730 ANC L865 RITEB,,DLH1WF,A320,DAIZI,,,,
,2020-10-10 15:00,2020-10-10 15:31,EDDF,EDDT,TOBAK N858 SWALM T201 TAMEB T278 RUDAK,,DLH166,A321,DAIDK,,,,
,2020-10-10 14:25,2020-10-10 15:16,EDDF,LSZH,ANEKI Y163 NEKLO Y171 INKAM T725 LAMGO T721 RILAX,,DLH9KA,A320,DAIUL,,,,
,2020-10-10 14:15,2020-10-10 15:23,EDDF,EDDM,CINDY Z74 HAREM T104 ANORA,,DLH3NW,A321,DAIRU,,,,
,2020-10-10 14:15,2020-10-10 16:26,EDDF,EGPH,MARUN Y152 ARPEG Z850 HMM L602 RKN L980 TENLI L602 SUPUR P1 GODOS M981 NATEB Y96 HAVEN DCT TARTN,,DLH2KM,A320,DAIUA,,,,
,2020-10-10 14:25,2020-10-10 15:25,EDDF,EBBR,SOBRA Y180 BITBU Y181 GOPAS N852 LNO,,DLH7PH,A319,DAILD,,,,
,2020-10-10 14:30,2020-10-10 15:44,EDDF,LIPX,ANEKI Y163 NATOR TRA UP131 RESIA IDREK,,DLA28PX,E195,IADJX,,,,
,2020-10-10 14:30,2020-10-10 16:32,EDDF,LEPA,ANEKI Y163 HERBI Y164 OLBEN UN869 NEMOS DCT GVA DCT BALSI DCT VATIR UN852 VERSO UL129 LUNIK,,CFG9DV,B753,DABOM,,,,
,2020-10-10 14:25,2020-10-10 15:56,EDDF,EPKT,SULUS UL984 OKG DCT LAGAR N871 MISKA DCT MAPIK,,DLH5RC,CRJ9,DACNH,,,,
,2020-10-10 14:30,2020-10-10 16:18,EDDF,LFBO,ANEKI Y163 HERBI Y164 OLBEN UN869 NEMOS NINTU UN869 NARAK,,DLH07C,CRJ9,DACNL,,,,
,2020-10-10 14:35,2020-10-10 15:33,EDDF,LOWS,CINDY Z74 LAMPU Z54 NOMBO Y161 RIDAR Z98 WLD T702 BADIT,,AUA266,E195,OELWL,,,,
,2020-10-10 14:30,2020-10-10 15:41,EDDF,LOWL,SULUS Z650 TIPAM T703 DEXIT,,DLH26U,CRJ9,DACNW,,,,
,2020-10-10 14:40,2020-10-10 15:29,EDDF,EDNY,ANEKI Y163 NEKLO Y171 INKAM T725 LAMGO T721 SUL Z714 LEBSO N851 RAUTA T732 GARMO,,DLH8JP,A319,DAIBJ,,,,
,2020-10-10 14:20,2020-10-10 16:49,EDDF,LEBB,SOBRA Y180 DIK UN857 GIMER UT300 PON UN872 TERPO UT176 DESAB UN867 NENEM Q42 XORNA G23 DOSUL,,DLH77T,A320,DAIWC,,,,
,2020-10-10 14:40,2020-10-10 16:13,EDDF,EPWA,SULUS UL984 OKG L984 DONAD DCT ARTUP DCT LAGAR N871 OKENO Q277 AGAVA,,DLH6EE,A320,DAIUO,,,,
,2020-10-10 14:15,2020-10-10 15:55,EDDF,EHAM,MARUN Y152 ARPEG Z850 HMM L602 RKN,,DLH9JF,A321,DAISX,,,,
,2020-10-10 14:40,2020-10-10 16:16,EDDF,LFMN,ANEKI Y163 NATOR N850 ODINA DCT ENOBA Z185 BORDI,,DLH55J,A20N,DAINM,,,,
,2020-10-10 14:50,2020-10-10 16:02,EDDF,LIPE,ANEKI Y163 NATOR N850 TRA UP131 RESIA ADOSA M738 BENUS,,DLH6LM,A320,DAIUN,,,,
,2020-10-10 14:50,2020-10-10 15:52,EDDF,LIMC,ANEKI Y163 NATOR N850 DEGAD Z424 AKASU/F190 Z424 RIXUV,,DLH254,CRJ9,DACKF,,,,
,2020-10-10 14:50,2020-10-10 16:02,EDDF,LOWG,CINDY Z74 LAMPU Z54 NOMBO Y161 MAH L173 EBEDA/F370 UL603 LATLO DCT OBEDI DCT ABIRI,,AUA25H,E195,OELWJ,,,,
,2020-10-10 14:50,2020-10-10 16:31,EDDF,EGCC,OBOKA Z29 TORNU DCT BREDA DCT RAVLO Y70 OTBED,,DLH7VJ,A320,DAIUJ,,,,
,2020-10-10 14:45,2020-10-10 15:54,EDDF,EDDT,TOBAK N858 SWALM T201 TAMEB T278 RUDAK,,DLH1MM,A321,DAISW,,,,
,2020-10-10 14:50,2020-10-10 16:05,EDDF,LIPQ,CINDY HAREM T104 DKB RIXED PESIM LCH KONIN LUXEK RTT MALUG RISOM,,DLH4WM,CRJ9,DACNF,,,,
,2020-10-10 14:50,2020-10-10 16:14,EDDF,LIRQ,ANEKI Y163 NATOR N850 TRA ELMUR Q341 RESIA ATPED IDREK KREVA TIPNI LOMED,,DLA6LN,E195,IADJT,,,,
,2020-10-10 15:00,2020-10-10 16:26,EDDF,LHBP,SULUS UZ650 VEMUT DCT ABUDO Z205 BUDEX DCT MAREG DCT ANEXA,,DLH2RX,E190,DAECD,,,,
,2020-10-10 15:00,2020-10-10 15:58,EDDF,EDDH,MARUN Y150 TOLGI DCT DLE P605 NOLGO,,DLH8RW,A321,DAIDG,,,,
,2020-10-10 15:00,2020-10-10 19:24,EDDF,OIIE,SULUS UL984 OKG L984 LUXAR L986 IVF N195 BUKOV N190 NETED M860 KUGOS UL851 TBN UP146 ARI UL223 DASIS R660 TBZ R661 MIVAK,,DLH600,A333,DAIKN,,,,
,2020-10-10 14:30,2020-10-10 16:24,EDDF,LFML,ANEKI Y163 HERBI Y164 OLBEN UN869 NEMOS GVA BALSI,,DLH94N,CRJ9,DACKI,,,,
,2020-10-10 14:55,2020-10-10 16:29,EDDF,EGBB,OBOKA Z29 TORNU DCT BREDA DCT GALSO Q63 ERING L179 LAM L610 HEMEL T420 BUZAD,,DLH956,A20N,DAINO,,,,
,2020-10-10 15:00,2020-10-10 20:41,EDDF,OMDW,CINDY HAREM T104 XERUM M867 VAROB VJOSA YNN UL604 PLH UM872 METRU A1 CVO L315 HGD M872 KIA UM440 BOPEK GIDIS,,UAE9978,B77L,A6EFS,,,,
,2020-10-10 15:00,2020-10-10 16:09,EDDF,LFLL,ANEKI Y163 HERBI Y164 OLBEN UN869 MILPA,,DLH22V,A320,DAIZO,,,,
,2020-10-10 15:00,2020-10-10 16:37,EDDF,EGLL,SOBRA Y180 BITBU Y181 DEMUL M624 BUB L608 COA L179 SASKI L608 LOGAN,,DLH6KJ,A20N,DAIND,,,,
,2020-10-10 14:50,2020-10-10 16:10,EDDF,LIMF,ANEKI Y163 NATOR N850 DEGAD Z424 AKASU,,DLA50HH,E195,IADJV,,,,
,2020-10-10 15:10,2020-10-10 16:23,EDDF,EKBI,MARUN Y150 TOLGI DCT EKERN M852 ALS P615 ASBIL DCT UVINA DCT LOKSA,,DLH1CV,CRJ9,DACNB,,,,
,2020-10-10 14:55,2020-10-10 16:05,EDDF,LSGG,ANEKI Y163 HERBI Y164 OLBEN UN869 BENOT,,SWR1085,BCS3,HBJCH,,,,
,2020-10-10 15:10,2020-10-10 15:55,EDDF,LFSB,ANEKI Y163 PABLA T715 RIGVI,,DLH3TP,CRJ9,DACNA,,,,
,2020-10-10 15:10,2020-10-10 23:32,EDDF,CYYZ,MARUN Y152 ARPEG Z850 ABILU RKN SPY RAVLO Y70 OTBED L60 PENIL M144 BAGSO DOGAL NATA NEEKO N482A YRI J560 YQB PESAC Q921 AGLUK Q941 TAKOL LETAK IMEBA5,,ACA877,A333,CGHKX,,,,
,2020-10-10 15:10,2020-10-10 18:09,EDDF,UUDD,TOBAK N858 ERSIL Y172 MAG DCT GILAS M994 DENKO N858 OGUTA N740 FK,,DLH1450,A320,DAIUI,,,,
,2020-10-10 14:50,2020-10-10 16:22,EDDF,EPWR,SULUS UL984 OKG L984 EROKA DCT ARTUP T871 DINOV,,DLH8FU,CRJ9,DACNV,,,,
,2020-10-10 15:20,2020-10-10 15:55,EDDF,EDLP,MARUN Y154 SODNA T842 PELUN,,DLH364,CRJ9,DACKA,,,,
,2020-10-10 15:15,2020-10-10 16:24,EDDF,LIPZ,ANEKI Y163 NATOR N850 ODINA/F290 M727 SRN L615 ADOSA L612 ALBET,,DLH7ET,A320,DAIZZ,,,,
,2020-10-10 15:10,2020-10-10 16:35,EDDF,EKCH,MARUN Y150 TOLGI DCT ELKIM DCT MAKEL N851 GESKA Z711 MONAK,,DLH830,A320,DAIUG,,,,
,2020-10-10 15:15,2020-10-10 15:58,EDDF,EDDN,KOMIB T193 ERTES,,DLH3UV,A320,DAIWE,,,,
,2020-10-10 15:10,2020-10-10 23:31,EDDF,KIAD,MARUN Y152 ARPEG Z850 ABILU RKN SPY RAVLO Y70 OTBED L60 PENIL M144 BAGSO DOGAL NATA NEEKO N480A TAFFY ENE BAF HYPER7,,UAL933,B772,N206UA,,,,
,2020-10-10 15:10,2020-10-10 16:11,EDDF,EDDC,SULUS L984 KULOK Z715 ABKIS Q240 DRN,,DLH3ME,A20N,DAINT,,,,
,2020-10-10 15:15,2020-10-10 02:17,EDDF,SKBO,SOBRA NISIV DIK GIMER ERIGA NOVAN LOTEE PETEK BANAL 41N020W 37N030W 35N035W 33N040W 31N045W 28N050W 25N055W RKDIA OBIKE SCAPA AMBAS UGOSA LOKOV EJA ILSEV,,DLH542,A346,DAIHZ,,,,
,2020-10-10 15:05,2020-10-10 16:33,EDDF,LOWW,CINDY Z74 LAMPU Z54 NOMBO Y161 RIDAR UZ98 MIQ UL605 BIBAG Q104 AKIMA DCT MASUR,,DLH68H,A321,DAIRM,,,,
,2020-10-10 15:15,2020-10-10 16:13,EDDF,EDDW,MARUN Y153 WRB N850 NIE Z88 VERED,,DLH7KL,A321,DAISG,,,,
,2020-10-10 15:20,2020-10-10 16:07,EDDF,LSZH,ANEKI Y163 NEKLO Y171 INKAM T725 LAMGO T721 RILAX,,SWR75C,E190,HBJVL,,,,
,2020-10-10 15:15,2020-10-10 16:17,EDDF,EDDM,CINDY Z74 HAREM T104 ANORA,,DLH8CN,A320,DAIUE,,,,
,2020-10-10 15:20,2020-10-10 16:02,EDDF,EDDS,ANEKI Y163 NEKLO Y171 INKAM N850 KRH T128 BADSO,,DLH1AH,A319,DAILF,,,,
,2020-10-10 15:10,2020-10-10 01:06,EDDF,ZSPD,TOBAK N858 ERSIL Y172 MAG DCT BODLA L733 RANOK R239 OTVOV L733 ASKOR M155 RIA L73 LATLA A831 LUKIR P983 INRIM A952 SUNAD G814 SADER T580 ADMUR G117 XV R229 BA R104 ABK A308 TR P982 DARNO Y746 DALAM B208 NIXAL G343 ASURI W32 HET W559 TODAM B208 HFE R343 SASAN,,DLH728,A388,DAIMK,,,,
,2020-10-10 15:15,2020-10-10 16:24,EDDF,EDDT,TOBAK N858 SWALM T201 TAMEB T278 RUDAK,,DLH5NE,A20N,DAINQ,,,,
,2020-10-10 15:00,2020-10-10 00:38,EDDF,CYYC,MARUN Y152 ARPEG Z850 BADGO Z850 ABILU RKN GODOS P1 RODSI P58 FINDO ERAKA 60N020W 61N030W 61N040W 60N050W URTAK N762A UDMAR YPH 5890N YL ROMDA J540 YVC DUDNI TOTUB4,,CFG440,B763,DABUL,,,,
,2020-10-10 15:20,2020-10-10 16:31,EDDF,LFPG,SOBRA Y180 DIK UN857 RAPOR UZ157 VEDUS,,DLH81J,A21N,DAIEB,,,,
,2020-10-10 15:10,2020-10-10 23:19,EDDF,KJFK,MARUN Y152 ARPEG Z850 ABILU RKN SPY RAVLO Y70 OTBED L60 PENIL M144 BAGSO DOGAL NATA NEEKO ALLEX PLYMM PARCH3,,DLH404,B748,DABYM,,,,
,2020-10-10 15:25,2020-10-10 02:12,EDDF,KSFO,MARUN Y150 TOLGI DCT DLE DCT AGATI P605 SUBIG L619 ELSOB P992 BAVTA M609 RERPA P614 ZOL P610 GUNPA DCT 65N050W DCT 70N010W DCT 75N020W DCT 78N040W DCT 78N060W DCT DOGGY DCT 70N095W DCT 65N104W DCT 60N112W DCT 55N116W DCT YNY DCT TWISP DCT RBL DCT MRRLO,,UAL927,B772,N218UA,,,,
,2020-10-10 15:10,2020-10-10 16:36,EDDF,LFPG,SOBRA Y180 DIK UN857 RAPOR UZ157 VEDUS,,AFR131N,E190,FHBLM,,,,
,2020-10-10 15:35,2020-10-10 16:46,EDDF,LDRI,CINDY Z74 LAMPU Z54 NOMBO Y161 MAH OTT M867 VAROB VEKEN URAVA GIRDA,,CFG8HT,A320,DAICH,,,,
,2020-10-10 15:15,2020-10-10 16:19,EDDF,EDDV,MARUN Y153 WRB,,DLH4LR,A321,DAIDJ,,,,
,2020-10-10 15:15,2020-10-10 23:54,EDDF,KORD,MARUN Y152 ARPEG Z850 ABILU RKN SPY RAVLO Y70 OTBED L60 PENIL M144 BAGSO DOGAL NATA NEEKO N482A YRI YXI Q901 UDMUG OBSTR WYNDE1,,DLH432,B748,DABYU,,,,
,2020-10-10 15:45,2020-10-10 23:05,EDDF,VABB,SULUS UZ650 VEMUT DCT ABUDO Z205 BUDEX DCT MAREG DCT ALAMU DCT AMLAV M977 ADINA L851 KUGOS UL851 TBN UP146 SIBVU UL125 KEBUD G208 PG G210 DOSTI J218 KAJAL M638 KC A791 DANGI G210 TELEM N893 VASLA G210 BVR W13S IPNIB W16S BOFIN,,GEC8360,MD11,DALCK,,,,
,2020-10-10 15:30,2020-10-10 17:33,EDDF,LEBL,ANEKI Y163 HERBI Y164 OLBEN UN869 NEMOS DCT GVA DCT BALSI UN852 DIVKO UN975 BISBA,,DLH88P,A321,DAIDH,,,,
,2020-10-10 15:00,2020-10-10 16:35,EDDF,EDDP,SULUS Z12 LASGA T953 VOCIM T954 GOXLI,,DLH3HJ,RJ85,EIRJO,,,,
,2020-10-10 15:40,2020-10-10 16:36,EDDF,LSGG,ANEKI Y163 HERBI Y164 OLBEN UN869 BENOT,,DLH9CK,CRJ9,DACND,,,,
,2020-10-10 15:25,2020-10-10 22:44,EDDF,CYHZ,MARUN Y152 ARPEG Z850 ABILU RKN SPY RAVLO Y70 OTBED L60 PENIL M144 BAGSO DOGAL NATA NEEKO BX YGR CAYLY CABOT4,,CFG414,B763,DABUM,,,,
,2020-10-10 15:30,2020-10-10 16:21,EDDF,ELLX,ULKIG Y180 BITBU Z110 BETEX,,DLH396,A319,DAIBH,,,,
,2020-10-10 15:25,2020-10-10 16:42,EDDF,EHAM,MARUN Y152 ARPEG Z850 HMM L602 RKN,,DLH3KY,A320,DAIUB,,,,
,2020-10-10 15:30,2020-10-10 00:19,EDDF,ZBAA,TOBAK N858 ERSIL Y172 MAG DCT BODLA L733 RANOK R239 OTVOV DCT ROLAV L72 LATLA A831 LUKIR P983 INRIM A952 SUNAD G814 SADER T580 LITUN G713 POGUT R372 UTEKI A908 PIMIT A822 SERNA Y520 MODUN A310 POLHO W33 NUVPU W52 URGOM W54 VAGNU W49 OSUBA,,DLH720,B748,DABYD,,,,
,2020-10-10 15:25,2020-10-10 16:41,EDDF,EBBR,SOBRA Y180 BITBU Y181 GOPAS N852 LNO,,DLH1UT,A20N,DAINR,,,,
,2020-10-10 15:35,2020-10-10 17:40,EDDF,ESSA,MARUN Y150 TOLGI DCT OKAGA Z330 VIBAR Z227 NILUG,,SAS638,A20N,SERON,,,,
,2020-10-10 15:35,2020-10-10 21:11,EDDF,OTHH,SULUS UZ650 VEMUT DCT ABUDO Z205 BUDEX DCT PESAT DCT TEGRI DCT ARTAT UP975 ERGUN UL124 EVSAS/F330 UM688 ULDUR UP975 LONOS Y604 KOBOK L703 RASDI N318 VELAM Z225 BAYAN,,QTR068,A388,A7APE,,,,
,2020-10-10 15:35,2020-10-10 17:58,EDDF,EIDW,OBOKA Z29 TORNU DCT BREDA DCT RAVLO Y70 OTBED L60 PENIL UL28 LELDO M145 BAGSO,,RYR31XY,B738,EIGXG,,,,
,2020-10-10 15:30,2020-10-10 16:33,EDDF,EDDG,MARUN Y152 ARPEG Z850 HMM,,DLH066,A319,DAILH,,,,
,2020-10-10 15:35,2020-10-10 17:12,EDDF,LIRF,ANEKI Y163 NATOR N850 TRA UP131 RESIA T415 LISKO M730 ANC L865 RITEB,,DLH2HY,A319,DAILM,,,,
,2020-10-10 15:30,2020-10-10 17:20,EDDF,ESGG,MARUN Y150 TOLGI DCT ELKIM DCT MAKEL N851 GESKA Z706 NOVPO L997 RISMA,,DLH1KE,A20N,DAINK,,,,
,2020-10-10 15:20,2020-10-10 17:30,EDDF,EGLL,SOBRA Y180 BITBU Y181 DEMUL M624 BUB L608 COA L179 SASKI L608 LOGAN,,BAW909U,A20N,GTTNH,,,,
,2020-10-10 15:45,2020-10-10 18:16,EDDF,LEMD,SOBRA Y180 DIK UN857 NOLSA UN10 GARVU UN857 BANEV,,DLH47Y,A321,DAIRR,,,,
,2020-10-10 15:50,2020-10-10 17:19,EDDF,LOWW,CINDY Z74 LAMPU Z54 NOMBO Y161 RIDAR UZ98 MIQ UL605 BIBAG Q104 AKIMA DCT MASUR,,AUA132,A320,OELXC,,,,
,2020-10-10 15:45,2020-10-10 17:22,EDDF,LHBP,SULUS UZ650 VEMUT DCT ABUDO Z205 BUDEX DCT MAREG DCT ANEXA,,WZZ9SZ,A21N,HALVC,,,,
,2020-10-10 15:50,2020-10-10 23:49,EDDF,KBOS,MARUN Y152 ARPEG Z850 ABILU RKN SPY RAVLO Y70 OTBED L60 PENIL M144 BAGSO DOGAL NATA NEEKO N478A TOPPS AJJAY OOSHN5,,DLH420,A333,DAIKP,,,,
,2020-10-10 15:55,2020-10-10 17:00,EDDF,LIMC,ANEKI Y163 NATOR N850 DEGAD Z424 AKASU/F190 Z424 RIXUV,,DLH7MU,A319,DAIBI,,,,
,2020-10-10 16:00,2020-10-10 18:32,EDDF,LGAV,CINDY Z74 LAMPU DCT NOMBO Y161 MAH L173 OTT M867 VAROB DCT PETAK DCT PINDO UL607 XORKI,,AEE3FT,A321,SXDGA,,,,
,2020-10-10 15:50,2020-10-10 01:22,EDDF,ZYTX,TOBAK N858 ERSIL Y172 MAG BODLA Z717 KUNER B810 RONUN L134 GARSO TITOV M994 PIRUS T635 NASBI P989 KERIS N742 KTL N740 SONIB R813 URAMI R117 DUBES R121 SEVIK G490 OMITA A920 KTN A91 AGINO A810 TELOK A345 KYU,,DLH782,A343,DAIGZ,,,,
,2020-10-10 15:45,2020-10-10 18:35,EDDF,LTFJ,CINDY Z74 LAMPU Z54 NOMBO Y161 RIDAR UZ98 MIQ UL605 ESEGA VELOM GOTAR BABIT NISVA N131 RODIP UN131 DUGLA UY371 IZMAL,,PGT1RN,B738,TCAZP,,,,
,2020-10-10 16:05,2020-10-10 03:40,EDDF,MMMX,MARUN Y152 ARPEG Z850 ABILU RKN SPY RAVLO Y70 OTBED L60 PENIL M144 BAGSO DOGAL NATA NEEKO N480A TAFFY COVAN J563 LAMED FQM BKW VXV J22 MCB ANKRR M575 CATFS ANILO MEX,,GEC8220,B77L,DALFE,,,,
,2020-10-10 15:45,2020-10-10 17:06,EDDF,EHRD,MARUN Y152 ARPEG Z850 HMM L602 RKN,,NJE064C,E55P,CSPHL,,,,
,2020-10-10 15:40,2020-10-10 17:11,EDDF,EDDH,MARUN Y150 TOLGI DCT DLE P605 NOLGO,,DLH4KA,A321,DAIRF,,,,
,2020-10-10 16:00,2020-10-10 19:58,EDDF,LLBG,CINDY Z74 LAMPU DCT NOMBO Y161 MAH L173 OTT M867 VAROB DCT NEMEK DCT MEDUX UM867 KOGAT DCT ERANA UL737 TSL UN130 MES UL609 ALKIS L609 ZUKKO,,DLH690,A321,DAIDL,,,,
,2020-10-10 16:05,2020-10-10 17:11,EDDF,EDDT,TOBAK N858 SWALM T201 TAMEB T278 RUDAK,,DLH5CL,A321,DAISB,,,,
,2020-10-10 16:15,2020-10-10 17:13,EDDF,EDDT,TOBAK N858 SWALM T201 TAMEB T278 RUDAK,,DLH6RP,A320,DAIZG,,,,
,2020-10-10 16:15,2020-10-10 17:16,EDDF,EHAM,MARUN Y152 ARPEG Z850 HMM L602 RKN,,KLM1770,E75L,PHEXH,,,,
,2020-10-10 16:15,2020-10-10 17:46,EDDF,LIRF,ANEKI Y163 NATOR N850 TRA UP131 RESIA T415 LISKO M730 ANC L865 RITEB,,AZA3ZU,A320,EIDTF,,,,
,2020-10-10 16:25,2020-10-10 17:01,EDDF,LSZH,ANEKI Y163 NEKLO Y171 INKAM T725 LAMGO T721 RILAX,,DLH9VX,A320,DAIQW,,,,
,2020-10-10 16:10,2020-10-10 02:08,EDDF,RKSI,TOBAK N858 ERSIL Y172 MAG Z20 ESIKA DCT GILAS M994 DENKO N858 VTB N869 BD P865 GINOM A308 BULAG A575 UDA Y345 POLHO W33 UKDUM DCT UNSEK A326 DONVO G597 AGAVO Y644 REBIT,,DLH712,B744,DABVR,,,,
,2020-10-10 16:20,2020-10-10 02:34,EDDF,ZSNJ,TOBAK N858 DENKO M994 GOMED R801 RUSNE L97 LATLA A831 LUKIR P983 INRIM A952 OSBAK A952 BEKAM R496 LERTA G814 SADER T580 ADMUR G117 XV R229 BA R104 ABK R104 GINOM A308 HATGA A308 BULAG A308 LIMAR V674 NIXAL B208 TYN B208 HFE,,DLH780,A343,DAIFD,,,,
,2020-10-10 16:30,2020-10-10 02:31,EDDF,RKSI,TOBAK N858 ERSIL Y172 MAG Z20 ESIKA DCT GILAS M994 DENKO N858 VTB N869 BD P865 GINOM A308 BULAG A575 UDA Y345 POLHO W33 UKDUM DCT UNSEK A326 DONVO G597 AGAVO Y644 REBIT,,AAR542,A388,HL7626,,,,
,2020-10-10 16:00,2020-10-10 18:08,EDDF,EGLL,SOBRA Y180 BITBU Y181 DEMUL M624 BUB L608 COA L179 SASKI L608 LOGAN,,DLH6HT,A20N,DAINC,,,,
,2020-10-10 16:30,2020-10-10 17:25,EDDF,EDDM,CINDY Z74 HAREM T104 ANORA,,DLH8LL,A321,DAISR,,,,
,2020-10-10 16:05,2020-10-10 18:04,EDDF,EGLC,SOBRA Y180 BITBU Y181 DEMUL M624 BUB L608 SUMUM,,CFE7GY,E170,GLCYH,,,,
,2020-10-10 16:15,2020-10-10 17:33,EDDF,EDDM,CINDY Z74 HAREM T104 ANORA,,NJE289W,C56X,CSDXX,,,,
,2020-10-10 16:10,2020-10-10 03:14,EDDF,RJTT,TOBAK N858 ERSIL Y172 MAG DCT ALUKA L29 TADAK M994 GOMED R801 RUSNE L97 LATLA A831 LUKIR B157 KERIS N742 ABEDO A491 UHT N742 LAGNI G719 TARSA B108 LANAP W24 BIMTA A929 GU N992 SORUS L731 LUTEL L168 IGROD Y304 YTE Y32 RUBIS Y10 GODIN,,DLH716,B748,DABYG,,,,
,2020-10-10 16:00,2020-10-10 17:45,EDDF,EDDH,MARUN Y150 TOLGI DCT DLE P605 NOLGO,,DLH4NF,A321,DAIRN,,,,
,2020-10-10 16:25,2020-10-10 18:11,EDDF,EGSS,SOBRA Y180 BITBU Y181 DEMUL M624 BUB L608 SUMUM Y6 IDESI,,RYR9WZ,B738,EIDYO,,,,
,2020-10-10 16:15,2020-10-10 18:12,EDDF,EGLC,SOBRA Y180 BITBU Y181 DEMUL M624 BUB L608 SUMUM,,DLH936,E190,DAECA,,,,
,2020-10-10 16:45,2020-10-10 18:10,EDDF,LDZA,CINDY Z74 LAMPU DCT NOMBO Y161 MAH L173 OTT M867 VAROB DCT BERTA DCT LULUD,,CTN19H,A320,9ACTK,,,,
,2020-10-10 16:40,2020-10-10 20:09,EDDF,GMMN,ANEKI Y163 HERBI Y164 OLBEN UN869 NEMOS NINTU UN869 MGA UM985 PIMOS UN869 GALTO UB11 BISMI,,RAM811D,B738,CNRNP,,,,
,2020-10-10 16:40,2020-10-10 20:04,EDDF,LTAI,CINDY Z74 LAMPU DCT NOMBO Y161 MAH L173 OTT M867 VAROB DCT NIPEL DCT ABISO DCT NEMEK DCT ETOBI DCT OSLUD DCT MEDUX UM867 KOGAT DCT DISOR UL608 FSK UN128 IMR UN135 NESIL,,SXS9SW,B738,TCSOA,,,,
,2020-10-10 17:11,2020-10-10 18:45,EDDF,EGLL,SOBRA Y180 BITBU Y181 DEMUL M624 BUB L608 COA L179 SASKI L608 LOGAN,,BAW911U,A320,GEUYH,,,,
,2020-10-10 16:45,2020-10-10 19:21,EDDF,EVRA,TOBAK N858 ERSIL Y172 MAG DCT BODLA L733 RANOK R239 OTVOV L733 ASKOR,,BTI7KJ,B735,YLBBD,,,,
,2020-10-10 16:50,2020-10-10 20:16,EDDF,UUEE,TOBAK N858 ERSIL Y172 MAG DCT GILAS M994 DENKO N858 OGUTA N740 FK,,AFL2657,B738,VQBWA,,,,
,2020-10-10 17:05,2020-10-10 18:20,EDDF,EDDT,TOBAK N858 SWALM T201 TAMEB T278 RUDAK,,DLH1AF,A21N,DAIEC,,,,
,2020-10-10 17:15,2020-10-10 19:29,EDDF,UMMS,SULUS UL984 OKG L984 DONAD DCT ARTUP DCT LAGAR DCT MISKA N871 POLON DCT RUDKA T174 HOFTI T397 KIZIR,,DLH1488,E190,DAECB,,,,
,2020-10-10 17:20,2020-10-10 18:26,EDDF,EHAM,MARUN Y152 ARPEG Z850 HMM L602 RKN,,KLM1774,E75L,PHEXS,,,,
,2020-10-10 17:25,2020-10-10 18:12,EDDF,EBBR,SOBRA Y180 BITBU Y181 GOPAS N852 LNO,,DLH9ET,A320,DAIUK,,,,
,2020-10-10 17:10,2020-10-10 19:19,EDDF,LBSF,CINDY Z74 LAMPU DCT NOMBO Y161 MAH L173 EBEDA UL603 LATLO DCT OBEDI DCT MOSAV DCT SOSEK DCT NISVA,,DLH1MH,A20N,DAINE,,,,
,2020-10-10 17:15,2020-10-10 17:57,EDDF,EDDS,ANEKI Y163 NEKLO Y171 INKAM N850 KRH T128 BADSO,,DLH5YE,CRJ9,DACKK,,,,
,2020-10-10 17:15,2020-10-10 19:51,EDDF,LEMD,SOBRA Y180 DIK UN857 NOLSA UN10 GARVU UN857 BANEV,,ANE17MA,CRJX,ECMNR,,,,
,2020-10-10 17:10,2020-10-10 21:48,EDDF,HEMA,CINDY Z74 HAREM T104 WLD M867 VAROB PENEP RASTU MOXAD PETAK TRN PINDO UL607 KEA UN132 KUMBI L612 BLT A16 CVO L315 HGD V730 SIBRI,,HES7830,A321,TCOBY,,,,
,2020-10-10 17:00,2020-10-10 18:27,EDDF,EDDH,MARUN Y150 TOLGI DCT DLE P605 NOLGO,,DLH9PL,A321,DAISD,,,,
,2020-10-10 17:10,2020-10-10 20:08,EDDF,LEMD,SOBRA Y180 DIK UN857 NOLSA UN10 GARVU UN857 BANEV,,AEA71QC,B738,ECLTM,,,,
,2020-10-10 17:00,2020-10-10 21:41,EDDF,HEGN,ANEKI Y163 PABLA UZ721 UTABA UL607 XEBIX L607 ELMEM N606 NAXAV ANC L612 NOSTO UL612 TRL UL604 SALUN Q680 DBA LUGAT,,HES6830,A321,LZHEA,,,,
,2020-10-10 17:10,2020-10-10 20:29,EDDF,UUDD,TOBAK N858 ERSIL Y172 MAG DCT GILAS M994 DENKO N858 OGUTA N740 FK,,DLH1452,A320,DAIUH,,,,
,2020-10-10 17:25,2020-10-10 20:16,EDDF,LEMD,SOBRA Y180 DIK UN857 NOLSA UN10 GARVU UN857 BANEV,,LAN705,B789,CCBGN,,,,
,2020-10-10 17:20,2020-10-10 18:44,EDDF,EDDT,TOBAK N858 SWALM T201 TAMEB T278 RUDAK,,EJU46MC,A319,OELKL,,,,
,2020-10-10 17:25,2020-10-10 20:03,EDDF,EFHK,MARUN Y150 TOLGI DCT GARLU DCT DETNI P12 ETRUS M864 KOLJA N746 ALAMI DCT EVADI Y370 DIVAM,,FIN6EA,A321,OHLZF,,,,
,2020-10-10 17:35,2020-10-10 05:22,EDDF,MMMX,MARUN Y152 ARPEG Z850 ABILU RKN SPY RAVLO Y70 OTBED L60 PENIL M144 BAGSO DOGAL NATA NEEKO N480A TAFFY COVAN J563 LAMED FQM BKW VXV J22 MCB ANKRR M575 CATFS ANILO MEX,,UAE9933,B77L,A6EFG,,,,
,2020-10-10 17:40,2020-10-10 23:11,EDDF,OERK,SULUS UZ650 VEMUT DCT PEPIK DCT BALAP DCT NARKA Z650 REBLA M977 ADINA L851 KUGOS UM860 RENGI UT253 OTKEP/F330 UM688 SIDAD N302 ALVIX B417 KUA G667 ESRAT,,SVA930,B744,TCACM,,,,
,2020-10-10 17:40,2020-10-10 18:51,EDDF,LIMC,ANEKI Y163 NATOR N850 DEGAD Z424 AKASU/F190 Z424 RIXUV,,AZA419,E75S,EIRDF,,,,
,2020-10-10 17:25,2020-10-10 19:55,EDDF,LROP,CINDY Z74 LAMPU DCT NOMBO Y161 RIDAR UZ98 MIQ UL605 ESEGA DCT SASAL DCT INVED DCT LAMIT P981 TOSVI,,ROT306T,B737,YRBGI,,,,
,2020-10-10 17:30,2020-10-10 20:21,EDDF,ULLI,MARUN Y150 TOLGI DCT DLE DCT BUMIL DCT DETNI P12 ETRUS M864 KOLJA M611 EVONA P862 NETNA DCT MONUS T653 OBANA,,DLH1438,A321,DAIDV,,,,
,2020-10-10 17:40,2020-10-10 04:36,EDDF,RJAA,TOBAK N858 ERSIL Y172 MAG DCT ALUKA L29 TADAK M994 GOMED R801 RUSNE L97 LATLA A831 LUKIR B157 KERIS N742 ABEDO A491 UHT N742 LAGNI G719 TARSA B108 LANAP W24 BIMTA A929 GU N992 SORUS L731 LUTEL L168 IGROD Y304 GUGBI Y30 SWAMP,,JAL408,B789,JA867J,,,,
,2020-10-10 17:50,2020-10-10 19:04,EDDF,LOWW,CINDY Z74 LAMPU Z54 NOMBO Y161 RIDAR UZ98 MIQ UL605 BIBAG Q104 AKIMA DCT MASUR,,AUA126,A321,OELBC,,,,
,2020-10-10 17:50,2020-10-10 19:50,EDDF,EGPE,OBOKA Z28 DIBIR T601 NAVPI DOLAS N110 LAMMA N610 FINDO L613 VADNO INS,,AXY2714,E35L,9HJPC,,,,
,2020-10-10 17:50,2020-10-10 19:00,EDDF,LFPG,SOBRA Y180 DIK UN857 RAPOR UZ157 VEDUS,,AFR84XT,E190,FHBLB,,,,
,2020-10-10 17:45,2020-10-10 19:03,EDDF,EDDT,TOBAK N858 SWALM T201 TAMEB T278 RUDAK,,DLH9JK,A321,DAIRH,,,,
,2020-10-10 17:40,2020-10-10 18:48,EDDF,EDDM,CINDY Z74 HAREM T104 ANORA,,DLH8YW,A20N,DAINJ,,,,
,2020-10-10 17:40,2020-10-10 03:34,EDDF,RKSI,TOBAK N858 ERSIL Y172 MAG Z20 ESIKA DCT GILAS M994 DENKO N858 VTB N869 BD P865 GINOM A308 BULAG A575 UDA Y345 POLHO W33 UKDUM DCT UNSEK A326 DONVO G597 AGAVO Y644 REBIT,,KAL906,B748,HL7643,,,,
,2020-10-10 18:00,2020-10-10 19:48,EDDF,EGLL,SOBRA Y180 BITBU Y181 DEMUL M624 BUB L608 COA L179 SASKI L608 LOGAN,,DLH4WN,A20N,DAINP,,,,
,2020-10-10 17:28,2020-10-10 19:13,EDDF,LIME,ANEKI Y163 NATOR N850 ODINA,,RYR81LN,B738,EIFZJ,,,,
,2020-10-10 17:50,2020-10-10 19:40,EDDF,EPWA,SULUS UL984 OKG L984 DONAD DCT ARTUP DCT LAGAR N871 OKENO Q277 AGAVA,,LOT3FD,E195,SPLNC,,,,
,2020-10-10 18:00,2020-10-10 19:14,EDDF,EDDH,MARUN Y150 TOLGI DCT DLE P605 NOLGO,,DLH3WM,A321,DAIDI,,,,
,2020-10-10 17:40,2020-10-10 21:12,EDDF,LPFR,SOBRA Y180 DIK UN857 SVL UN747 NAPES Y136 NIRAK,,RYR1VV,B738,EIDYY,,,,
,2020-10-10 17:55,2020-10-10 23:31,EDDF,UACC,TOBAK N858 ERSIL DESAR N858 OGUTA FK FK3T SF A930 RUSAK MB UW R493 INDAL W41 BUGOT MGR B935 TITUR G111 DIDAL,,KZR922,B752,P4MAS,,,,
,2020-10-10 18:00,2020-10-10 03:00,EDDF,HKMO,CINDY Z74 LAMPU NOMBO Y161 MAH L173 OTT M867 VAROB NEMEK VRANA PETAK DIMIS UL604 SALUN L604 ALTAT L604 NODLA P557 NUBAR UP309 AVONO UA727 NAK UQ135 NEREV,,CFG282,B763,DABUC,,,,
,2020-10-10 18:10,2020-10-10 19:31,EDDF,EGLC,SOBRA Y180 BITBU Y181 DEMUL M624 BUB L608 SUMUM,,CFE48J,E190,GLCYS,,,,
,2020-10-10 17:50,2020-10-10 19:26,EDDF,LKPR,SULUS Z650 TONSU Z35 LOMKI,,CSA537,AT75,OKNFV,,,,
,2020-10-10 18:05,2020-10-10 02:23,EDDF,KJFK,MARUN Y152 ARPEG Z850 ABILU RKN SPY RAVLO Y70 OTBED L60 PENIL M144 BAGSO DOGAL NATA NEEKO ALLEX PLYMM PARCH3,,GEC8160,MD11,DALCM,,,,
,2020-10-10 18:00,2020-10-10 21:16,EDDF,LPPT,SOBRA Y180 DIK UN857 GIMER UT300 PON UN872 ATLEN DCT ABUPI DCT XAMAX,,DLH57F,A320,DAIUL,,,,
,2020-10-10 18:00,2020-10-10 04:20,EDDF,ZSPD,TOBAK N858 ERSIL Y172 MAG DCT BODLA L733 RANOK R239 OTVOV L733 ASKOR M155 RIA L73 LATLA A831 LUKIR P983 INRIM A952 SUNAD G814 SADER T580 ADMUR G117 XV R229 BA R104 ABK A308 TR P982 DARNO Y746 DALAM B208 NIXAL G343 ASURI W32 HET W559 TODAM B208 HFE R343 SASAN,,CCA936,A359,B1081,,,,
,2020-10-10 18:10,2020-10-10 03:49,EDDF,FYWH,ANEKI Y163 NATOR N850 TRA UP131 RESIA DCT ABDAB UN157 MON UA411 JBA UG727 FARES UM731 DEKIL UG727 TJR UG624 VISNA UM998 AMLOD UV30 KSA UT943 VEDRY,,NMB286,A332,V5ANP,,,,
,2020-10-10 18:12,2020-10-10 20:14,EDDF,ESSA,MARUN Y150 TOLGI DCT OKAGA Z330 VIBAR Z227 NILUG,,SAS674,A20N,SEROE,,,,
,2020-10-10 18:15,2020-10-10 03:07,EDDF,ZBAA,TOBAK N858 ERSIL Y172 MAG DCT BODLA L733 RANOK R239 OTVOV DCT ROLAV L72 LATLA A831 LUKIR P983 INRIM A952 SUNAD G814 SADER T580 LITUN G713 POGUT R372 UTEKI A908 PIMIT A822 SERNA Y520 MODUN A310 POLHO W33 NUVPU W52 URGOM W54 VAGNU W49 OSUBA,,CCA932,B77W,B1430,,,,
,2020-10-10 18:15,2020-10-10 22:07,EDDF,LLBG,CINDY Z74 LAMPU DCT NOMBO Y161 MAH L173 OTT M867 VAROB DCT NEMEK DCT MEDUX UM867 KOGAT DCT ERANA UL737 TSL UN130 MES UL609 ALKIS L609 ZUKKO,,ELY356,B738,4XEKF,,,,
,2020-10-10 18:15,2020-10-10 19:11,EDDF,EDDM,CINDY Z74 HAREM T104 ANORA,,DLH3PV,A321,DAIDK,,,,
,2020-10-10 18:20,2020-10-10 05:32,EDDF,FACT,ANEKI Y163 NATOR N850 ODINA PIDAD TALEP UN850 ABRON UT250 ERPIN UT450 BUKID UM2 CSO UA605 DJA UB730 DIR UA607 FL UA403 BT KSA UT943 VEDRY UN185 KEBAT R987 ERDAS,,CFG290,B763,DABUE,,,,
,2020-10-10 18:30,2020-10-10 19:36,EDDF,EDDT,TOBAK N858 SWALM T201 TAMEB T278 RUDAK,,EJU25DA,A319,OELKA,,,,
,2020-10-10 18:10,2020-10-10 21:39,EDDF,LPPT,SOBRA Y180 DIK UN857 GIMER UT300 PON UN872 ATLEN DCT ABUPI DCT XAMAX,,TAP579G,A20N,CSTVD,,,,
,2020-10-10 18:29,2020-10-10 20:03,EDDF,EGLL,SOBRA Y180 BITBU Y181 DEMUL M624 BUB L608 COA L179 SASKI L608 LOGAN,,BAW913U,A319,GEUPL,,,,
,2020-10-10 18:30,2020-10-10 19:44,EDDF,EPWR,SULUS UL984 OKG L984 EROKA DCT ARTUP T871 DINOV,,DLH9CX,CRJ9,DACNA,,,,
,2020-10-10 18:35,2020-10-10 19:38,EDDF,LFPG,SOBRA Y180 DIK UN857 RAPOR UZ157 VEDUS,,DLH17N,A319,DAILI,,,,
,2020-10-10 18:20,2020-10-10 21:48,EDDF,LTAU,CINDY Z74 LAMPU NOMBO Y161 RIDAR UZ98 MIQ BULEN L605 RIXEN UL605 BAG UL614 MARTI UW76 ERMOD SARIZ,,SXD32N,A320,YLLCT,,,,
,2020-10-10 18:40,2020-10-10 03:03,EDDF,VOBL,SULUS UZ650 VEMUT PEPIK BALAP NARKA Z650 REBLA L620 DINRO N743 UDROS UM859 KARDE UN644 ROLIN N644 LAGAS N61 TBS M737 VERCA M747 SUBUT T923 ERLEV M11 RODAR A909 TUNEK B143 KRS A240 INRAK B449 RANAH L750 KADVI T529 PAROD N636 NH N893 VASLA G210 BBB Q13 BEKUT Q9 RIKBU,,GEC8456,MD11,DALCD,,,,
,2020-10-10 18:30,2020-10-10 19:55,EDDF,EKCH,MARUN Y150 TOLGI DCT ELKIM DCT MAKEL N851 GESKA Z711 MONAK,,SAS1636,A321,OYKBL,,,,
,2020-10-10 18:30,2020-10-10 20:01,EDDF,LFML,ANEKI Y163 HERBI Y164 OLBEN UN869 NEMOS GVA BALSI,,DLH48X,A319,DAILD,,,,
,2020-10-10 18:30,2020-10-10 19:56,EDDF,LJLJ,CINDY Z74 LAMPU NOMBO Y161 MAH L173 EBEDA L603 LATLO OBEDI BERTA,,ADR125,B462,DAMGL,,,,
,2020-10-10 18:35,2020-10-10 19:40,EDDF,EDDT,TOBAK N858 SWALM T201 TAMEB T278 RUDAK,,DLH044,A320,DAIQF,,,,
,2020-10-10 18:35,2020-10-10 04:19,EDDF,KMEM,MARUN Y152 ARPEG Z850 ABILU RKN SPY RAVLO Y70 OTBED L60 PENIL M144 BAGSO DOGAL NATA NEEKO YRI YJN JHW YNG PXV RRUSH HYTHR2,,FDX3,B77L,N887FD,,,,
,2020-10-10 18:35,2020-10-10 20:40,EDDF,LEPA,ANEKI Y163 HERBI Y164 OLBEN UN869 NEMOS DCT GVA DCT BALSI DCT VATIR UN852 VERSO UL129 LUNIK,,DLH02P,A320,DAIUM,,,,
,2020-10-10 18:45,2020-10-10 19:40,EDDF,LOWL,SULUS Z650 TIPAM T703 DEXIT,,DLH95U,E190,DAECE,,,,
,2020-10-10 18:20,2020-10-10 03:28,EDDF,ZBAA,TOBAK N858 ERSIL Y172 MAG DCT BODLA L733 RANOK R239 OTVOV DCT ROLAV L72 LATLA A831 LUKIR P983 INRIM A952 SUNAD G814 SADER T580 LITUN G713 POGUT R372 UTEKI A908 PIMIT A822 SERNA Y520 MODUN A310 POLHO W33 NUVPU W52 URGOM W54 VAGNU W49 OSUBA,,CAO1032,B77L,B2097,,,,
,2020-10-10 18:50,2020-10-10 21:18,EDDF,LTFM,CINDY Z74 LAMPU DCT NOMBO Y161 RIDAR UZ98 MIQ UL605 ESEGA DCT VELOM DCT GOTAR DCT BABIT DCT KOTUS DCT ETIDA T390 RILEX,,THY3GE,A333,TCLOG,,,,
,2020-10-10 18:50,2020-10-10 19:52,EDDF,LIMC,ANEKI Y163 NATOR N850 DEGAD Z424 AKASU/F190 Z424 RIXUV,,DLH7CP,A20N,DAINH,,,,
,2020-10-10 18:30,2020-10-10 04:24,EDDF,RKSI,TOBAK N858 ERSIL Y172 MAG Z20 ESIKA DCT GILAS M994 DENKO N858 VTB N869 BD P865 GINOM A308 BULAG A575 UDA Y345 POLHO W33 UKDUM DCT UNSEK A326 DONVO G597 AGAVO Y644 REBIT,,KAL538,B748,HL7617,,,,
,2020-10-10 18:45,2020-10-10 05:02,EDDF,FAOR,ANEKI Y163 NATOR N850 ODINA M727 EKPAL Q705 BEROK L153 MAREL L12 RONAB M740 PAN N163 ABRAM UN163 GRT A403 SEB G655 GARIN UG655 ILDOR UM214 ETMIT Z35 ITROL Q44 AVAGO,,SAA261,A346,ZSSNF,,,,
,2020-10-10 18:30,2020-10-10 19:51,EDDF,EDDH,MARUN Y150 TOLGI DCT DLE P605 NOLGO,,DLH2VH,A321,DAISU,,,,
,2020-10-10 18:35,2020-10-10 20:58,EDDF,LROP,CINDY Z74 LAMPU DCT NOMBO Y161 RIDAR UZ98 MIQ UL605 ESEGA DCT SASAL DCT INVED DCT LAMIT P981 TOSVI,,DLH1KJ,A320,DAIUD,,,,
,2020-10-10 18:35,2020-10-10 21:17,EDDF,LGAV,CINDY Z74 LAMPU DCT NOMBO Y161 MAH L173 OTT M867 VAROB DCT PETAK DCT PINDO UL607 XORKI,,DLH5MR,A321,DAIRU,,,,
,2020-10-10 18:55,2020-10-10 20:51,EDDF,EYVI,TOBAK N858 ERSIL Y172 MAG DCT GERGA DCT GILAS DCT DEKUT N858 BARGU DCT BOKSU N858 IRKAL,,DLH888,A20N,DAINB,,,,
,2020-10-10 18:55,2020-10-10 20:12,EDDF,EPPO,TOBAK N858 ERSIL Y172 MAG DCT SONUD Z20 SUBIX L980 KELOD,,DLH2PM,CRJ9,DACNH,,,,
,2020-10-10 18:45,2020-10-10 21:15,EDDF,LMML,ANEKI Y163 NATOR N850 ODINA DCT KALIK DCT MARON L12 GZO,,DLH3UY,A320,DAIUF,,,,
,2020-10-10 18:45,2020-10-10 20:12,EDDF,LDZA,CINDY Z74 LAMPU DCT NOMBO Y161 MAH L173 OTT M867 VAROB DCT BERTA DCT LULUD,,CTN415,A319,9ACTL,,,,
,2020-10-10 18:45,2020-10-10 05:49,EDDF,RJTT,TOBAK N858 ERSIL Y172 MAG DCT ALUKA L29 TADAK M994 GOMED R801 RUSNE L97 LATLA A831 LUKIR B157 KERIS N742 ABEDO A491 UHT N742 LAGNI G719 TARSA B108 LANAP W24 BIMTA A929 GU N992 SORUS L731 LUTEL L168 IGROD Y304 YTE Y32 RUBIS Y10 GODIN,,ANA224,B77W,JA790A,,,,
,2020-10-10 18:35,2020-10-10 20:35,EDDF,LYBE,CINDY Z74 LAMPU DCT NOMBO Y161 RIDAR UZ98 MIQ UL605 ESEGA DCT VELOM DCT GOTAR DCT BABIT DCT RIGMU,,ASL54W,A320,YUAPG,,,,
,2020-10-10 18:40,2020-10-10 20:29,EDDF,EPWA,SULUS UL984 OKG L984 DONAD DCT ARTUP DCT LAGAR N871 OKENO Q277 AGAVA,,DLH7TJ,A320,DAIZY,,,,
,2020-10-10 18:40,2020-10-10 04:58,EDDF,VTBS,SULUS UZ650 VEMUT DCT PEPIK DCT BALAP DCT NARKA Z650 REBLA L620 DINRO N743 UDROS UM859 KARDE UN644 ROLIN DCT AGISO DCT BARAD M747 SULEL N449 DUKAN B449 DOLOS B475 DAVET P173 TAPIS L509 HANGU J139 NONIB L509 SULOM M890 LAKET W36 CHG M890 LKN R460 BBN P646 JJS A791 CEA L507 IGONI,,THA923,A359,HSTHM,,,,
,2020-10-10 18:55,2020-10-10 20:55,EDDF,LATI,CINDY Z74 HAREM T104 WLD M867 VAROB PENEP RASTU MOXAD PETAK,,DLH1454,E190,DAECF,,,,
,2020-10-10 18:50,2020-10-10 20:00,EDDF,LSZH,ANEKI Y163 NEKLO Y171 INKAM T725 LAMGO T721 RILAX,,SWR150Y,A320,HBJLP,,,,
,2020-10-10 18:50,2020-10-10 21:17,EDDF,LEBB,SOBRA Y180 DIK UN857 GIMER UT300 PON UN872 TERPO UT176 DESAB UN867 NENEM Q42 XORNA G23 DOSUL,,DLH26A,A321,DAIRS,,,,
,2020-10-10 18:50,2020-10-10 21:16,EDDF,EIDW,OBOKA Z29 TORNU DCT BREDA DCT RAVLO Y70 OTBED L60 PENIL UL28 LELDO M145 BAGSO,,EIN65T,A320,EIDEI,,,,
,2020-10-10 18:50,2020-10-10 20:38,EDDF,LFLL,ANEKI Y163 HERBI Y164 OLBEN UN869 MILPA,,DLH52K,A320,DAIQU,,,,
,2020-10-10 18:50,2020-10-10 21:56,EDDF,LMML,ANEKI Y163 NATOR N850 ODINA DCT KALIK DCT MARON L12 GZO,,AMC329,A20N,9HNEC,,,,
